Регион №, Регион, Город №, Город, Комплектация, Цвет
10, Республика Карелия, 938275, Петрозаводск, 1.6 л 16-кл. (106 л.с.) 5МТ / Luxe / 5 мест / ПТС 2020 г., Красный сплав
10, Республика Карелия, 938275, Петрозаводск, 1.6 л 16-кл. (106 л.с.) 5МТ / Luxe / 7 мест / ПТС 2020 г., Серый базальт
14, Республика Саха (Якутия), 938314, Якутск, 1.6 л 16-кл. (106 л.с.) 5МТ / Luxe / 7 мест / ПТС 2021 г., Лазурно-синий
16, Республика Татарстан, 6787228, Елабуга, 1.6 л 16-кл. (106 л.с.) 5МТ / Luxe / 5 мест / ПТС 2021 г., Ледниковый
16, Республика Татарстан, 6787228, Елабуга, 1.6 л 16-кл. (106 л.с.) 5МТ / Luxe / 7 мест / ПТС 2020 г., Лазурно-синий
16, Республика Татарстан, 6787228, Елабуга, 1.6 л 16-кл. (106 л.с.) 5МТ / Luxe / 7 мест / ПТС 2021 г., Ледниковый
16, Республика Татарстан, 938151, Набережные Челны, 1.6 л 16-кл. (106 л.с.) 5МТ / Luxe / 5 мест / ПТС 2020 г., Ледниковый
16, Республика Татарстан, 938151, Набережные Челны, 1.6 л 16-кл. (106 л.с.) 5МТ / Luxe / 7 мест / ПТС 2020 г., Серый базальт
16, Республика Татарстан, 938151, Набережные Челны, 1.6 л 16-кл. (106 л.с.) 5МТ / Luxe / 7 мест / ПТС 2021 г., Ледниковый
16, Республика Татарстан, 938154, Казань, 1.6 л 16-кл. (106 л.с.) 5МТ / Luxe / 5 мест / ПТС 2020 г., Красный сплав
16, Республика Татарстан, 938154, Казань, 1.6 л 16-кл. (106 л.с.) 5МТ / Luxe / 5 мест / ПТС 2020 г., Ледниковый
16, Республика Татарстан, 938154, Казань, 1.6 л 16-кл. (106 л.с.) 5МТ / Luxe / 5 мест / ПТС 2020 г., Серый базальт
16, Республика Татарстан, 938154, Казань, 1.6 л 16-кл. (106 л.с.) 5МТ / Luxe / 5 мест / ПТС 2021 г., Ледниковый
16, Республика Татарстан, 938154, Казань, 1.6 л 16-кл. (106 л.с.) 5МТ / Luxe / 5 мест / ПТС 2021 г., Серый базальт
16, Республика Татарстан, 938154, Казань, 1.6 л 16-кл. (106 л.с.) 5МТ / Luxe / 7 мест / ПТС 2020 г., Лазурно-синий
16, Республика Татарстан, 938154, Казань, 1.6 л 16-кл. (106 л.с.) 5МТ / Luxe / 7 мест / ПТС 2020 г., Ледниковый
16, Республика Татарстан, 938154, Казань, 1.6 л 16-кл. (106 л.с.) 5МТ / Luxe / 7 мест / ПТС 2021 г., Серый базальт
16, Республика Татарстан, 938256, Бугульма, 1.6 л 16-кл. (106 л.с.) 5МТ / Luxe / 5 мест / ПТС 2021 г., Ледниковый
16, Республика Татарстан, 938256, Бугульма, 1.6 л 16-кл. (106 л.с.) 5МТ / Luxe / 5 мест / ПТС 2021 г., Серый базальт
16, Республика Татарстан, 938256, Бугульма, 1.6 л 16-кл. (106 л.с.) 5МТ / Luxe / 7 мест / ПТС 2021 г., Ледниковый
16, Республика Татарстан, 938340, Альметьевск, 1.6 л 16-кл. (106 л.с.) 5МТ / Luxe / 7 мест / ПТС 2020 г., Ледниковый
16, Республика Татарстан, 938340, Альметьевск, 1.6 л 16-кл. (106 л.с.) 5МТ / Luxe / 7 мест / ПТС 2021 г., Ледниковый
16, Республика Татарстан, 938348, Нижнекамск, 1.6 л 16-кл. (106 л.с.) 5МТ / Luxe / 5 мест / ПТС 2020 г., Ледниковый
16, Республика Татарстан, 938348, Нижнекамск, 1.6 л 16-кл. (106 л.с.) 5МТ / Luxe / 7 мест / ПТС 2020 г., Ледниковый
16, Республика Татарстан, 938348, Нижнекамск, 1.6 л 16-кл. (106 л.с.) 5МТ / Luxe / 7 мест / ПТС 2020 г., Серый базальт
16, Республика Татарстан, 938348, Нижнекамск, 1.6 л 16-кл. (106 л.с.) 5МТ / Luxe / 7 мест / ПТС 2021 г., Ледниковый
16, Республика Татарстан, 938348, Нижнекамск, 1.6 л 16-кл. (106 л.с.) 5МТ / Quest / 5 мест / ПТС 2020 г., Серый базальт
17, Республика Тыва, 938337, Кызыл, 1.6 л 16-кл. (106 л.с.) 5МТ / Luxe / 5 мест / ПТС 2021 г., Ледниковый
17, Республика Тыва, 938337, Кызыл, 1.6 л 16-кл. (106 л.с.) 5МТ / Quest / 5 мест / ПТС 2021 г., Лазурно-синий
18, Удмуртская Республика, 1058874, Можга, 1.6 л 16-кл. (106 л.с.) 5МТ / Luxe / 5 мест / ПТС 2020 г., Лазурно-синий
18, Удмуртская Республика, 938272, Сарапул, 1.6 л 16-кл. (106 л.с.) 5МТ / Luxe / 5 мест / ПТС 2020 г., Красный сплав
18, Удмуртская Республика, 938272, Сарапул, 1.6 л 16-кл. (106 л.с.) 5МТ / Luxe / 7 мест / ПТС 2020 г., Лазурно-синий
18, Удмуртская Республика, 938272, Сарапул, 1.6 л 16-кл. (106 л.с.) 5МТ / Quest / 7 мест / ПТС 2020 г., Кашемир
19, Республика Хакасия, 13161284, Тепличный, 1.6 л 16-кл. (106 л.с.) 5МТ / Luxe / 5 мест / ПТС 2020 г., Ледниковый
19, Республика Хакасия, 13161284, Тепличный, 1.6 л 16-кл. (106 л.с.) 5МТ / Quest / 7 мест / ПТС 2020 г., Лазурно-синий
19, Республика Хакасия, 13161284, Тепличный, 1.6 л 16-кл. (106 л.с.) 5МТ / Quest / 7 мест / ПТС 2020 г., Черная жемчужина
2, Республика Башкортостан, 938159, Нефтекамск, 1.6 л 16-кл. (106 л.с.) 5МТ / Luxe / 7 мест / ПТС 2021 г., Ледниковый
2, Республика Башкортостан, 938176, Белорецк, 1.6 л 16-кл. (106 л.с.) 5МТ / Luxe / 7 мест / ПТС 2021 г., Ледниковый
2, Республика Башкортостан, 938176, Белорецк, 1.6 л 16-кл. (106 л.с.) 5МТ / Luxe / 7 мест / ПТС 2021 г., Серый базальт
2, Республика Башкортостан, 938220, Стерлитамак, 1.6 л 16-кл. (106 л.с.) 5МТ / Luxe / 5 мест / ПТС 2021 г., Ледниковый
2, Республика Башкортостан, 938266, Мелеуз, 1.6 л 16-кл. (106 л.с.) 5МТ / Luxe / 5 мест / ПТС 2021 г., Ледниковый
20, Чеченская Республика, 6968724, Аргун, 1.6 л 16-кл. (106 л.с.) 5МТ / Luxe / 5 мест / ПТС 2020 г., Серый базальт
20, Чеченская Республика, 6968724, Аргун, 1.6 л 16-кл. (106 л.с.) 5МТ / Luxe / 5 мест / ПТС 2020 г., Черная жемчужина
20, Чеченская Республика, 6968724, Аргун, 1.6 л 16-кл. (106 л.с.) 5МТ / Luxe / 7 мест / ПТС 2020 г., Ледниковый
20, Чеченская Республика, 6968724, Аргун, 1.6 л 16-кл. (106 л.с.) 5МТ / Luxe / 7 мест / ПТС 2020 г., Черная жемчужина
20, Чеченская Республика, 6968724, Аргун, 1.6 л 16-кл. (106 л.с.) 5МТ / Luxe / 7 мест / ПТС 2021 г., Ледниковый
20, Чеченская Республика, 6968724, Аргун, 1.6 л 16-кл. (106 л.с.) 5МТ / Luxe / 7 мест / ПТС 2021 г., Черная жемчужина
22, Алтайский край, 938325, Барнаул, 1.6 л 16-кл. (106 л.с.) 5МТ / Quest / 7 мест / ПТС 2021 г., Серый базальт
23, Краснодарский край, 938157, Сочи, 1.6 л 16-кл. (106 л.с.) 5МТ / Luxe / 5 мест / ПТС 2021 г., Ледниковый
23, Краснодарский край, 938157, Сочи, 1.6 л 16-кл. (106 л.с.) 5МТ / Luxe / 7 мест / ПТС 2020 г., Ледниковый
23, Краснодарский край, 938157, Сочи, 1.6 л 16-кл. (106 л.с.) 5МТ / Luxe / 7 мест / ПТС 2021 г., Ледниковый
23, Краснодарский край, 938162, Краснодар, 1.6 л 16-кл. (106 л.с.) 5МТ / Luxe / 5 мест / ПТС 2020 г., Ледниковый
23, Краснодарский край, 938162, Краснодар, 1.6 л 16-кл. (106 л.с.) 5МТ / Luxe / 5 мест / ПТС 2021 г., Серый базальт
23, Краснодарский край, 938162, Краснодар, 1.6 л 16-кл. (106 л.с.) 5МТ / Luxe / 7 мест / ПТС 2020 г., Ледниковый
23, Краснодарский край, 938162, Краснодар, 1.6 л 16-кл. (106 л.с.) 5МТ / Quest / 5 мест / ПТС 2020 г., Черная жемчужина
23, Краснодарский край, 938162, Краснодар, 1.6 л 16-кл. (106 л.с.) 5МТ / Quest / 7 мест / ПТС 2020 г., Черная жемчужина
23, Краснодарский край, 938208, Кропоткин, 1.6 л 16-кл. (106 л.с.) 5МТ / Quest / 5 мест / ПТС 2020 г., Черная жемчужина
23, Краснодарский край, 938238, Новороссийск, 1.6 л 16-кл. (106 л.с.) 5МТ / Quest / 5 мест / ПТС 2020 г., Ледниковый
24, Красноярский край, 938347, Красноярск, 1.6 л 16-кл. (106 л.с.) 5МТ / Luxe / 5 мест / ПТС 2020 г., Ледниковый
24, Красноярский край, 938347, Красноярск, 1.6 л 16-кл. (106 л.с.) 5МТ / Luxe / 5 мест / ПТС 2020 г., Серый базальт
24, Красноярский край, 938347, Красноярск, 1.6 л 16-кл. (106 л.с.) 5МТ / Luxe / 5 мест / ПТС 2021 г., Ледниковый
24, Красноярский край, 938347, Красноярск, 1.6 л 16-кл. (106 л.с.) 5МТ / Quest / 7 мест / ПТС 2020 г., Черная жемчужина
24, Красноярский край, 938347, Красноярск, 1.6 л 16-кл. (106 л.с.) 5МТ / Quest / 7 мест / ПТС 2021 г., Лазурно-синий
26, Ставропольский край, 938202, Ставрополь, 1.6 л 16-кл. (106 л.с.) 5МТ / Luxe / 5 мест / ПТС 2020 г., Ледниковый
26, Ставропольский край, 938202, Ставрополь, 1.6 л 16-кл. (106 л.с.) 5МТ / Luxe / 5 мест / ПТС 2020 г., Серый базальт
26, Ставропольский край, 938202, Ставрополь, 1.6 л 16-кл. (106 л.с.) 5МТ / Luxe / 5 мест / ПТС 2021 г., Ледниковый
26, Ставропольский край, 938202, Ставрополь, 1.6 л 16-кл. (106 л.с.) 5МТ / Luxe / 7 мест / ПТС 2020 г., Кашемир
26, Ставропольский край, 938202, Ставрополь, 1.6 л 16-кл. (106 л.с.) 5МТ / Luxe / 7 мест / ПТС 2020 г., Серый базальт
26, Ставропольский край, 938202, Ставрополь, 1.6 л 16-кл. (106 л.с.) 5МТ / Luxe / 7 мест / ПТС 2021 г., Ледниковый
26, Ставропольский край, 938202, Ставрополь, 1.6 л 16-кл. (106 л.с.) 5МТ / Luxe / 7 мест / ПТС 2021 г., Серый базальт
26, Ставропольский край, 938304, Лермонтов, 1.6 л 16-кл. (106 л.с.) 5МТ / Luxe / 5 мест / ПТС 2020 г., Ледниковый
26, Ставропольский край, 938304, Лермонтов, 1.6 л 16-кл. (106 л.с.) 5МТ / Luxe / 5 мест / ПТС 2020 г., Серый базальт
26, Ставропольский край, 938304, Лермонтов, 1.6 л 16-кл. (106 л.с.) 5МТ / Luxe / 5 мест / ПТС 2021 г., Ледниковый
26, Ставропольский край, 938304, Лермонтов, 1.6 л 16-кл. (106 л.с.) 5МТ / Luxe / 7 мест / ПТС 2020 г., Красный сплав
26, Ставропольский край, 938304, Лермонтов, 1.6 л 16-кл. (106 л.с.) 5МТ / Luxe / 7 мест / ПТС 2020 г., Лазурно-синий
26, Ставропольский край, 938304, Лермонтов, 1.6 л 16-кл. (106 л.с.) 5МТ / Luxe / 7 мест / ПТС 2020 г., Ледниковый
26, Ставропольский край, 938304, Лермонтов, 1.6 л 16-кл. (106 л.с.) 5МТ / Luxe / 7 мест / ПТС 2020 г., Серый базальт
26, Ставропольский край, 938304, Лермонтов, 1.6 л 16-кл. (106 л.с.) 5МТ / Luxe / 7 мест / ПТС 2020 г., Черная жемчужина
26, Ставропольский край, 938304, Лермонтов, 1.6 л 16-кл. (106 л.с.) 5МТ / Luxe / 7 мест / ПТС 2021 г., Ледниковый
26, Ставропольский край, 938304, Лермонтов, 1.6 л 16-кл. (106 л.с.) 5МТ / Quest / 5 мест / ПТС 2020 г., Ледниковый
27, Хабаровский край, 938143, Хабаровск, 1.6 л 16-кл. (106 л.с.) 5МТ / Quest / 5 мест / ПТС 2020 г., Серый базальт
29, Архангельская обл., 938175, Архангельск, 1.6 л 16-кл. (106 л.с.) 5МТ / Luxe / 5 мест / ПТС 2021 г., Лазурно-синий
30, Астраханская обл., 938135, Астрахань, 1.6 л 16-кл. (106 л.с.) 5МТ / Luxe / 5 мест / ПТС 2021 г., Ледниковый
30, Астраханская обл., 938135, Астрахань, 1.6 л 16-кл. (106 л.с.) 5МТ / Quest / 5 мест / ПТС 2020 г., Ледниковый
31, Белгородская обл., 938187, Белгород, 1.6 л 16-кл. (106 л.с.) 5МТ / Quest / 5 мест / ПТС 2020 г., Серый базальт
32, Брянская обл., 938198, Брянск, 1.6 л 16-кл. (106 л.с.) 5МТ / Luxe / 5 мест / ПТС 2020 г., Ледниковый
32, Брянская обл., 938198, Брянск, 1.6 л 16-кл. (106 л.с.) 5МТ / Luxe / 7 мест / ПТС 2020 г., Серый базальт
32, Брянская обл., 938354, Клинцы, 1.6 л 16-кл. (106 л.с.) 5МТ / Luxe / 5 мест / ПТС 2021 г., Черная жемчужина
32, Брянская обл., 938354, Клинцы, 1.6 л 16-кл. (106 л.с.) 5МТ / Luxe / 7 мест / ПТС 2021 г., Лазурно-синий
33, Владимирская обл., 938248, Муром, 1.6 л 16-кл. (106 л.с.) 5МТ / Luxe / 7 мест / ПТС 2021 г., Лазурно-синий
34, Волгоградская обл., 938161, Волжский, 1.6 л 16-кл. (106 л.с.) 5МТ / Luxe / 5 мест / ПТС 2021 г., Ледниковый
34, Волгоградская обл., 938161, Волжский, 1.6 л 16-кл. (106 л.с.) 5МТ / Luxe / 7 мест / ПТС 2021 г., Ледниковый
34, Волгоградская обл., 938227, Волгоград, 1.6 л 16-кл. (106 л.с.) 5МТ / Luxe / 5 мест / ПТС 2021 г., Красный сплав
34, Волгоградская обл., 938227, Волгоград, 1.6 л 16-кл. (106 л.с.) 5МТ / Luxe / 5 мест / ПТС 2021 г., Лазурно-синий
34, Волгоградская обл., 938227, Волгоград, 1.6 л 16-кл. (106 л.с.) 5МТ / Luxe / 5 мест / ПТС 2021 г., Ледниковый
34, Волгоградская обл., 938227, Волгоград, 1.6 л 16-кл. (106 л.с.) 5МТ / Luxe / 5 мест / ПТС 2021 г., Черная жемчужина
34, Волгоградская обл., 938227, Волгоград, 1.6 л 16-кл. (106 л.с.) 5МТ / Luxe / 7 мест / ПТС 2020 г., Ледниковый
34, Волгоградская обл., 938227, Волгоград, 1.6 л 16-кл. (106 л.с.) 5МТ / Luxe / 7 мест / ПТС 2021 г., Ледниковый
35, Вологодская обл., 938209, Великий Устюг, 1.6 л 16-кл. (106 л.с.) 5МТ / Luxe / 5 мест / ПТС 2021 г., Лазурно-синий
36, Воронежская обл., 3169050, Россошь, 1.6 л 16-кл. (106 л.с.) 5МТ / Luxe / 5 мест / ПТС 2021 г., Серый базальт
36, Воронежская обл., 938231, Борисоглебск, 1.6 л 16-кл. (106 л.с.) 5МТ / Luxe / 5 мест / ПТС 2021 г., Серый базальт
36, Воронежская обл., 938270, Воронеж, 1.6 л 16-кл. (106 л.с.) 5МТ / Luxe / 5 мест / ПТС 2020 г., Ледниковый
36, Воронежская обл., 938270, Воронеж, 1.6 л 16-кл. (106 л.с.) 5МТ / Luxe / 5 мест / ПТС 2021 г., Серый базальт
36, Воронежская обл., 938270, Воронеж, 1.6 л 16-кл. (106 л.с.) 5МТ / Luxe / 5 мест / ПТС 2021 г., Черная жемчужина
38, Иркутская обл., 938326, Иркутск, 1.6 л 16-кл. (106 л.с.) 5МТ / Luxe / 5 мест / ПТС 2021 г., Ледниковый
38, Иркутская обл., 938326, Иркутск, 1.6 л 16-кл. (106 л.с.) 5МТ / Luxe / 5 мест / ПТС 2021 г., Серый базальт
42, Кемеровская обл., 938321, Кемерово, 1.6 л 16-кл. (106 л.с.) 5МТ / Quest / 5 мест / ПТС 2020 г., Лазурно-синий
42, Кемеровская обл., 938321, Кемерово, 1.6 л 16-кл. (106 л.с.) 5МТ / Quest / 7 мест / ПТС 2020 г., Лазурно-синий
42, Кемеровская обл., 938321, Кемерово, 1.6 л 16-кл. (106 л.с.) 5МТ / Quest / 7 мест / ПТС 2020 г., Серый базальт
42, Кемеровская обл., 938321, Кемерово, 1.6 л 16-кл. (106 л.с.) 5МТ / Quest / 7 мест / ПТС 2021 г., Серый базальт
43, Кировская обл., 938137, Киров, 1.6 л 16-кл. (106 л.с.) 5МТ / Luxe / 7 мест / ПТС 2021 г., Красный сплав
44, Костромская обл., 938204, Шарья, 1.6 л 16-кл. (106 л.с.) 5МТ / Luxe / 7 мест / ПТС 2020 г., Красный сплав
46, Курская обл., 938189, Курск, 1.6 л 16-кл. (106 л.с.) 5МТ / Luxe / 5 мест / ПТС 2020 г., Ледниковый
46, Курская обл., 938189, Курск, 1.6 л 16-кл. (106 л.с.) 5МТ / Luxe / 5 мест / ПТС 2021 г., Ледниковый
48, Липецкая обл., 938165, Липецк, 1.6 л 16-кл. (106 л.с.) 5МТ / Luxe / 5 мест / ПТС 2020 г., Лазурно-синий
48, Липецкая обл., 938165, Липецк, 1.6 л 16-кл. (106 л.с.) 5МТ / Luxe / 5 мест / ПТС 2021 г., Лазурно-синий
48, Липецкая обл., 938165, Липецк, 1.6 л 16-кл. (106 л.с.) 5МТ / Luxe / 7 мест / ПТС 2021 г., Ледниковый
48, Липецкая обл., 938165, Липецк, 1.6 л 16-кл. (106 л.с.) 5МТ / Luxe / 7 мест / ПТС 2021 г., Серый базальт
5, Республика Дагестан, 938224, Башлыкент, 1.6 л 16-кл. (106 л.с.) 5МТ / Luxe / 5 мест / ПТС 2021 г., Ледниковый
5, Республика Дагестан, 938224, Башлыкент, 1.6 л 16-кл. (106 л.с.) 5МТ / Luxe / 7 мест / ПТС 2020 г., Ледниковый
5, Республика Дагестан, 938224, Башлыкент, 1.6 л 16-кл. (106 л.с.) 5МТ / Luxe / 7 мест / ПТС 2020 г., Серый базальт
5, Республика Дагестан, 938224, Башлыкент, 1.6 л 16-кл. (106 л.с.) 5МТ / Luxe / 7 мест / ПТС 2021 г., Ледниковый
52, Нижегородская обл., 1020975, Арзамас, 1.6 л 16-кл. (106 л.с.) 5МТ / Luxe / 7 мест / ПТС 2021 г., Серый базальт
52, Нижегородская обл., 938145, Нижний Новгород, 1.6 л 16-кл. (106 л.с.) 5МТ / Luxe / 5 мест / ПТС 2021 г., Ледниковый
52, Нижегородская обл., 938145, Нижний Новгород, 1.6 л 16-кл. (106 л.с.) 5МТ / Luxe / 5 мест / ПТС 2021 г., Серый базальт
52, Нижегородская обл., 938145, Нижний Новгород, 1.6 л 16-кл. (106 л.с.) 5МТ / Luxe / 7 мест / ПТС 2021 г., Ледниковый
52, Нижегородская обл., 938145, Нижний Новгород, 1.6 л 16-кл. (106 л.с.) 5МТ / Luxe / 7 мест / ПТС 2021 г., Серый базальт
52, Нижегородская обл., 938145, Нижний Новгород, 1.6 л 16-кл. (106 л.с.) 5МТ / Quest / 5 мест / ПТС 2020 г., Ледниковый
52, Нижегородская обл., 938145, Нижний Новгород, 1.6 л 16-кл. (106 л.с.) 5МТ / Quest / 5 мест / ПТС 2020 г., Серый базальт
52, Нижегородская обл., 938145, Нижний Новгород, 1.6 л 16-кл. (106 л.с.) 5МТ / Quest / 5 мест / ПТС 2020 г., Черная жемчужина
52, Нижегородская обл., 938145, Нижний Новгород, 1.6 л 16-кл. (106 л.с.) 5МТ / Quest / 7 мест / ПТС 2020 г., Серый базальт
52, Нижегородская обл., 938145, Нижний Новгород, 1.6 л 16-кл. (106 л.с.) 5МТ / Quest / 7 мест / ПТС 2020 г., Черная жемчужина
52, Нижегородская обл., 938146, Дзержинск, 1.6 л 16-кл. (106 л.с.) 5МТ / Luxe / 5 мест / ПТС 2020 г., Черная жемчужина
53, Новгородская обл., 938330, Великий Новгород, 1.6 л 16-кл. (106 л.с.) 5МТ / Luxe / 5 мест / ПТС 2020 г., Серый базальт
53, Новгородская обл., 938330, Великий Новгород, 1.6 л 16-кл. (106 л.с.) 5МТ / Luxe / 5 мест / ПТС 2021 г., Красный сплав
53, Новгородская обл., 938330, Великий Новгород, 1.6 л 16-кл. (106 л.с.) 5МТ / Luxe / 5 мест / ПТС 2021 г., Серый базальт
53, Новгородская обл., 938339, Боровичи, 1.6 л 16-кл. (106 л.с.) 5МТ / Luxe / 5 мест / ПТС 2020 г., Лазурно-синий
53, Новгородская обл., 938339, Боровичи, 1.6 л 16-кл. (106 л.с.) 5МТ / Luxe / 7 мест / ПТС 2020 г., Красный сплав
54, Новосибирская обл., 938319, Новосибирск, 1.6 л 16-кл. (106 л.с.) 5МТ / Luxe / 5 мест / ПТС 2021 г., Лазурно-синий
54, Новосибирская обл., 938319, Новосибирск, 1.6 л 16-кл. (106 л.с.) 5МТ / Luxe / 5 мест / ПТС 2021 г., Ледниковый
54, Новосибирская обл., 938319, Новосибирск, 1.6 л 16-кл. (106 л.с.) 5МТ / Quest / 7 мест / ПТС 2020 г., Серый базальт
54, Новосибирская обл., 938319, Новосибирск, 1.6 л 16-кл. (106 л.с.) 5МТ / Quest / 7 мест / ПТС 2021 г., Серый базальт
55, Омская обл., 938261, Омск, 1.6 л 16-кл. (106 л.с.) 5МТ / Luxe / 5 мест / ПТС 2020 г., Ледниковый
55, Омская обл., 938261, Омск, 1.6 л 16-кл. (106 л.с.) 5МТ / Luxe / 7 мест / ПТС 2020 г., Ледниковый
57, Орловская обл., 938332, Орел, 1.6 л 16-кл. (106 л.с.) 5МТ / Luxe / 5 мест / ПТС 2021 г., Ледниковый
57, Орловская обл., 938332, Орел, 1.6 л 16-кл. (106 л.с.) 5МТ / Luxe / 5 мест / ПТС 2021 г., Серый базальт
58, Пензенская обл., 938271, Пенза, 1.6 л 16-кл. (106 л.с.) 5МТ / Luxe / 5 мест / ПТС 2021 г., Ледниковый
58, Пензенская обл., 938271, Пенза, 1.6 л 16-кл. (106 л.с.) 5МТ / Luxe / 7 мест / ПТС 2021 г., Ледниковый
59, Пермский край, 938148, Пермь, 1.6 л 16-кл. (106 л.с.) 5МТ / Luxe / 5 мест / ПТС 2021 г., Ледниковый
60, Псковская обл., 938331, Псков, 1.6 л 16-кл. (106 л.с.) 5МТ / Luxe / 5 мест / ПТС 2021 г., Лазурно-синий
61, Ростовская обл., 6787227, Шахты, 1.6 л 16-кл. (106 л.с.) 5МТ / Luxe / 5 мест / ПТС 2020 г., Ледниковый
61, Ростовская обл., 938179, Ростов-на-Дону, 1.6 л 16-кл. (106 л.с.) 5МТ / Luxe / 5 мест / ПТС 2020 г., Лазурно-синий
61, Ростовская обл., 938179, Ростов-на-Дону, 1.6 л 16-кл. (106 л.с.) 5МТ / Luxe / 5 мест / ПТС 2021 г., Ледниковый
61, Ростовская обл., 938179, Ростов-на-Дону, 1.6 л 16-кл. (106 л.с.) 5МТ / Quest / 5 мест / ПТС 2020 г., Лазурно-синий
61, Ростовская обл., 938306, Сальск, 1.6 л 16-кл. (106 л.с.) 5МТ / Luxe / 5 мест / ПТС 2021 г., Ледниковый
63, Самарская обл., 938134, Тольятти, 1.6 л 16-кл. (106 л.с.) 5МТ / Luxe / 5 мест / ПТС 2021 г., Ледниковый
63, Самарская обл., 938134, Тольятти, 1.6 л 16-кл. (106 л.с.) 5МТ / Luxe / 5 мест / ПТС 2021 г., Серый базальт
63, Самарская обл., 938200, Самара, 1.6 л 16-кл. (106 л.с.) 5МТ / Luxe / 5 мест / ПТС 2021 г., Ледниковый
63, Самарская обл., 938200, Самара, 1.6 л 16-кл. (106 л.с.) 5МТ / Luxe / 7 мест / ПТС 2020 г., Ледниковый
63, Самарская обл., 938290, Сызрань, 1.6 л 16-кл. (106 л.с.) 5МТ / Luxe / 7 мест / ПТС 2021 г., Серый базальт
64, Саратовская обл., 1750598, Балашов, 1.6 л 16-кл. (106 л.с.) 5МТ / Luxe / 5 мест / ПТС 2020 г., Ледниковый
64, Саратовская обл., 1750598, Балашов, 1.6 л 16-кл. (106 л.с.) 5МТ / Luxe / 5 мест / ПТС 2020 г., Серый базальт
64, Саратовская обл., 938156, Саратов, 1.6 л 16-кл. (106 л.с.) 5МТ / Luxe / 5 мест / ПТС 2021 г., Лазурно-синий
64, Саратовская обл., 938156, Саратов, 1.6 л 16-кл. (106 л.с.) 5МТ / Luxe / 5 мест / ПТС 2021 г., Ледниковый
64, Саратовская обл., 938156, Саратов, 1.6 л 16-кл. (106 л.с.) 5МТ / Luxe / 5 мест / ПТС 2021 г., Серый базальт
64, Саратовская обл., 938156, Саратов, 1.6 л 16-кл. (106 л.с.) 5МТ / Luxe / 5 мест / ПТС 2021 г., Черная жемчужина
64, Саратовская обл., 938156, Саратов, 1.6 л 16-кл. (106 л.с.) 5МТ / Luxe / 7 мест / ПТС 2020 г., Лазурно-синий
64, Саратовская обл., 938156, Саратов, 1.6 л 16-кл. (106 л.с.) 5МТ / Luxe / 7 мест / ПТС 2020 г., Черная жемчужина
64, Саратовская обл., 938156, Саратов, 1.6 л 16-кл. (106 л.с.) 5МТ / Luxe / 7 мест / ПТС 2021 г., Ледниковый
66, Свердловская обл., 938166, Нижний Тагил, 1.6 л 16-кл. (106 л.с.) 5МТ / Luxe / 7 мест / ПТС 2020 г., Черная жемчужина
66, Свердловская обл., 938196, Екатеринбург, 1.6 л 16-кл. (106 л.с.) 5МТ / Luxe / 5 мест / ПТС 2020 г., Красный сплав
66, Свердловская обл., 938196, Екатеринбург, 1.6 л 16-кл. (106 л.с.) 5МТ / Luxe / 5 мест / ПТС 2020 г., Лазурно-синий
66, Свердловская обл., 938196, Екатеринбург, 1.6 л 16-кл. (106 л.с.) 5МТ / Luxe / 5 мест / ПТС 2020 г., Ледниковый
66, Свердловская обл., 938196, Екатеринбург, 1.6 л 16-кл. (106 л.с.) 5МТ / Luxe / 5 мест / ПТС 2021 г., Красный сплав
66, Свердловская обл., 938196, Екатеринбург, 1.6 л 16-кл. (106 л.с.) 5МТ / Luxe / 5 мест / ПТС 2021 г., Лазурно-синий
66, Свердловская обл., 938196, Екатеринбург, 1.6 л 16-кл. (106 л.с.) 5МТ / Luxe / 5 мест / ПТС 2021 г., Ледниковый
66, Свердловская обл., 938196, Екатеринбург, 1.6 л 16-кл. (106 л.с.) 5МТ / Luxe / 5 мест / ПТС 2021 г., Серый базальт
67, Смоленская обл., 938273, Смоленск, 1.6 л 16-кл. (106 л.с.) 5МТ / Luxe / 5 мест / ПТС 2021 г., Серый базальт
67, Смоленская обл., 938273, Смоленск, 1.6 л 16-кл. (106 л.с.) 5МТ / Luxe / 5 мест / ПТС 2021 г., Черная жемчужина
67, Смоленская обл., 938273, Смоленск, 1.6 л 16-кл. (106 л.с.) 5МТ / Luxe / 7 мест / ПТС 2021 г., Серый базальт
69, Тверская обл., 938247, Тверь, 1.6 л 16-кл. (106 л.с.) 5МТ / Luxe / 5 мест / ПТС 2021 г., Серый базальт
71, Тульская обл., 938147, Тула, 1.6 л 16-кл. (106 л.с.) 5МТ / Luxe / 5 мест / ПТС 2020 г., Красный сплав
71, Тульская обл., 938147, Тула, 1.6 л 16-кл. (106 л.с.) 5МТ / Luxe / 5 мест / ПТС 2021 г., Черная жемчужина
73, Ульяновская обл., 938178, Ульяновск, 1.6 л 16-кл. (106 л.с.) 5МТ / Luxe / 5 мест / ПТС 2020 г., Ледниковый
73, Ульяновская обл., 938178, Ульяновск, 1.6 л 16-кл. (106 л.с.) 5МТ / Luxe / 5 мест / ПТС 2021 г., Ледниковый
74, Челябинская обл., 938184, Челябинск, 1.6 л 16-кл. (106 л.с.) 5МТ / Luxe / 5 мест / ПТС 2021 г., Лазурно-синий
74, Челябинская обл., 938184, Челябинск, 1.6 л 16-кл. (106 л.с.) 5МТ / Luxe / 5 мест / ПТС 2021 г., Серый базальт
74, Челябинская обл., 938184, Челябинск, 1.6 л 16-кл. (106 л.с.) 5МТ / Luxe / 5 мест / ПТС 2021 г., Черная жемчужина
74, Челябинская обл., 938364, Магнитогорск, 1.6 л 16-кл. (106 л.с.) 5МТ / Luxe / 5 мест / ПТС 2021 г., Ледниковый
74, Челябинская обл., 938364, Магнитогорск, 1.6 л 16-кл. (106 л.с.) 5МТ / Luxe / 7 мест / ПТС 2021 г., Ледниковый
74, Челябинская обл., 938364, Магнитогорск, 1.6 л 16-кл. (106 л.с.) 5МТ / Luxe / 7 мест / ПТС 2021 г., Серый базальт
75, Забайкальский край, 938318, Чита, 1.6 л 16-кл. (106 л.с.) 5МТ / Luxe / 5 мест / ПТС 2020 г., Кашемир
75, Забайкальский край, 938318, Чита, 1.6 л 16-кл. (106 л.с.) 5МТ / Quest / 5 мест / ПТС 2020 г., Лазурно-синий
77, Москва и МО, 1750602, Серпухов, 1.6 л 16-кл. (106 л.с.) 5МТ / Luxe / 5 мест / ПТС 2021 г., Ледниковый
77, Москва и МО, 1750602, Серпухов, 1.6 л 16-кл. (106 л.с.) 5МТ / Luxe / 7 мест / ПТС 2021 г., Серый базальт
77, Москва и МО, 938141, Москва, 1.6 л 16-кл. (106 л.с.) 5МТ / Luxe / 5 мест / ПТС 2021 г., Черная жемчужина
77, Москва и МО, 938141, Москва, 1.6 л 16-кл. (106 л.с.) 5МТ / Luxe / 7 мест / ПТС 2021 г., Ледниковый
77, Москва и МО, 938141, Москва, 1.6 л 16-кл. (106 л.с.) 5МТ / Luxe / 7 мест / ПТС 2021 г., Черная жемчужина
77, Москва и МО, 938141, Москва, 1.6 л 16-кл. (106 л.с.) 5МТ / Quest / 7 мест / ПТС 2020 г., Платина
78, С-Петербург и Ленинградская область, 938190, Санкт-Петербург, 1.6 л 16-кл. (106 л.с.) 5МТ / Luxe / 5 мест / ПТС 2020 г., Красный сплав
78, С-Петербург и Ленинградская область, 938190, Санкт-Петербург, 1.6 л 16-кл. (106 л.с.) 5МТ / Luxe / 5 мест / ПТС 2020 г., Лазурно-синий
78, С-Петербург и Ленинградская область, 938190, Санкт-Петербург, 1.6 л 16-кл. (106 л.с.) 5МТ / Luxe / 5 мест / ПТС 2020 г., Ледниковый
78, С-Петербург и Ленинградская область, 938190, Санкт-Петербург, 1.6 л 16-кл. (106 л.с.) 5МТ / Luxe / 5 мест / ПТС 2020 г., Серый базальт
78, С-Петербург и Ленинградская область, 938190, Санкт-Петербург, 1.6 л 16-кл. (106 л.с.) 5МТ / Luxe / 5 мест / ПТС 2021 г., Лазурно-синий
78, С-Петербург и Ленинградская область, 938190, Санкт-Петербург, 1.6 л 16-кл. (106 л.с.) 5МТ / Luxe / 5 мест / ПТС 2021 г., Ледниковый
78, С-Петербург и Ленинградская область, 938190, Санкт-Петербург, 1.6 л 16-кл. (106 л.с.) 5МТ / Luxe / 5 мест / ПТС 2021 г., Серый базальт
78, С-Петербург и Ленинградская область, 938190, Санкт-Петербург, 1.6 л 16-кл. (106 л.с.) 5МТ / Luxe / 7 мест / ПТС 2020 г., Красный сплав
78, С-Петербург и Ленинградская область, 938190, Санкт-Петербург, 1.6 л 16-кл. (106 л.с.) 5МТ / Luxe / 7 мест / ПТС 2020 г., Ледниковый
78, С-Петербург и Ленинградская область, 938190, Санкт-Петербург, 1.6 л 16-кл. (106 л.с.) 5МТ / Luxe / 7 мест / ПТС 2020 г., Серый базальт
78, С-Петербург и Ленинградская область, 938190, Санкт-Петербург, 1.6 л 16-кл. (106 л.с.) 5МТ / Luxe / 7 мест / ПТС 2021 г., Ледниковый
78, С-Петербург и Ленинградская область, 938190, Санкт-Петербург, 1.6 л 16-кл. (106 л.с.) 5МТ / Quest / 5 мест / ПТС 2020 г., Лазурно-синий
78, С-Петербург и Ленинградская область, 938190, Санкт-Петербург, 1.6 л 16-кл. (106 л.с.) 5МТ / Quest / 5 мест / ПТС 2020 г., Ледниковый
78, С-Петербург и Ленинградская область, 938190, Санкт-Петербург, 1.6 л 16-кл. (106 л.с.) 5МТ / Quest / 5 мест / ПТС 2020 г., Серый базальт
78, С-Петербург и Ленинградская область, 938190, Санкт-Петербург, 1.6 л 16-кл. (106 л.с.) 5МТ / Quest / 7 мест / ПТС 2020 г., Ледниковый
86, Ханты-Мансийский авт.окр., 938195, Советский, 1.6 л 16-кл. (106 л.с.) 5МТ / Luxe / 7 мест / ПТС 2021 г., Ледниковый
86, Ханты-Мансийский авт.окр., 938252, Сургут, 1.6 л 16-кл. (106 л.с.) 5МТ / Luxe / 5 мест / ПТС 2020 г., Серый базальт
86, Ханты-Мансийский авт.окр., 938252, Сургут, 1.6 л 16-кл. (106 л.с.) 5МТ / Luxe / 5 мест / ПТС 2020 г., Черная жемчужина
86, Ханты-Мансийский авт.окр., 938289, Нижневартовск, 1.6 л 16-кл. (106 л.с.) 5МТ / Luxe / 5 мест / ПТС 2021 г., Ледниковый
86, Ханты-Мансийский авт.окр., 938289, Нижневартовск, 1.6 л 16-кл. (106 л.с.) 5МТ / Luxe / 7 мест / ПТС 2021 г., Ледниковый
91, Республика Крым, 9979841, Симферополь, 1.6 л 16-кл. (106 л.с.) 5МТ / Luxe / 5 мест / ПТС 2021 г., Серый базальт
91, Республика Крым, 9979841, Симферополь, 1.6 л 16-кл. (106 л.с.) 5МТ / Luxe / 7 мест / ПТС 2020 г., Ледниковый
